ID,Title,Content
1,Python Basics,Python is a great programming language for beginners. It is easy to learn and use.
2,Learning Python,To learn Python you need to practice every day. Python basics are very important.
3,Data Science,Data science uses Python for data analysis and machine learning.
4,Web Development,Web development can be done using Python frameworks like Django and Flask.
5,Artificial Intelligence,AI is the future of technology. Python is the main language for AI.
6,Machine Learning,Machine learning is a subset of AI. It uses algorithms to learn from data.
7,Programming Tips,Always write clean code and comment your functions. This is good practice.
8,Software Engineering,Software engineering involves designing and building complex systems.
9,Database Management,Databases are used to store and manage data efficiently. SQL is common.
10,Cloud Computing,Cloud computing allows you to run applications on the internet.
